location,size,price
Hanoi,114,8376
Hanoi,109,9508
Hanoi,88,6392
Hanoi,143,1754
Hanoi,126,7201
Hanoi,143,3899
Hanoi,148,6341
Hanoi,108,4562
Hanoi,142,9161
Hanoi,115,4278
Hanoi,58,3930
Hanoi,112,4229
Hanoi,42,8360
Hanoi,96,4001
Hanoi,118,4374
Hanoi,131,7419
Hanoi,34,7827
Hanoi,62,3300
Hanoi,56,4749
Hanoi,127,9047
Hanoi,47,1964
Hanoi,49,9438
Hanoi,54,3816
Hanoi,62,4660
Hanoi,112,6336
Hanoi,132,5594
Hanoi,107,9387
Hanoi,37,5344
Hanoi,86,2355
Hanoi,49,8775
Hanoi,102,1901
Hanoi,96,6262
Hanoi,66,7911
Hanoi,134,9169
Hanoi,61,3462
Hanoi,36,8427
Hanoi,96,1037
Hanoi,48,5364
Hanoi,66,9521
Hanoi,110,6446
Hanoi,107,8568
Hanoi,127,6925
Hanoi,65,2850
Hanoi,96,2548
Hanoi,98,5237
Hanoi,62,4137
Hanoi,33,8078
Hanoi,94,4894
Hanoi,146,3845
Hanoi,34,8565
Ha Dong,59,1673
Ha Dong,47,1261
Ha Dong,52,4764
Ha Dong,63,8029
Ha Dong,131,3505
Ha Dong,61,7244
Ha Dong,115,7899
Ha Dong,85,1815
Ha Dong,85,6624
Ha Dong,135,7519
Ha Dong,49,9683
Ha Dong,136,4894
Ha Dong,53,2192
Ha Dong,96,8322
Ha Dong,131,6028
Ha Dong,122,1202
Ha Dong,35,7132
Ha Dong,105,2909
Ha Dong,91,3690
Ha Dong,43,3090
Ha Dong,116,8743
Ha Dong,48,8981
Ha Dong,120,8350
Ha Dong,72,4757
Ha Dong,127,8019
Ha Dong,88,4244
Ha Dong,100,3901
Ha Dong,116,1262
Ha Dong,56,9937
Ha Dong,48,7112
Ha Dong,67,2582
Ha Dong,126,5307
Ha Dong,51,8835
Ha Dong,41,9801
Ha Dong,96,6282
Ha Dong,108,9048
Ha Dong,43,3860
Ha Dong,47,1801
Ha Dong,34,2208
Ha Dong,100,6002
Ha Dong,89,6822
Ha Dong,84,5756
Ha Dong,50,4692
Ha Dong,123,2748
Ha Dong,127,3920
Ha Dong,103,8911
Ha Dong,52,4906
Ha Dong,62,7992
Ha Dong,109,2313
Ha Dong,118,6425
